{
  "version": 1,
  "author": "Eva Kornilova",
  "editor": "wokwi",
  "parts": [
    { "type": "wokwi-breadboard-half", "id": "bb1", "top": 45, "left": 626.8, "attrs": {} },
    { "type": "wokwi-arduino-uno", "id": "uno", "top": 0.6, "left": -0.6, "attrs": {} },
    {
      "type": "wokwi-dht22",
      "id": "dht1",
      "top": -105.3,
      "left": -63,
      "attrs": { "temperature": "-39.6" }
    },
    {
      "type": "wokwi-photoresistor-sensor",
      "id": "ldr1",
      "top": 233.6,
      "left": 346.4,
      "attrs": {}
    },
    { "type": "wokwi-potentiometer", "id": "pot1", "top": -68.5, "left": 451, "attrs": {} },
    { "type": "wokwi-lcd1602", "id": "lcd1", "top": -159.77, "left": 64, "attrs": {} },
    { "type": "wokwi-potentiometer", "id": "pot2", "top": -1.3, "left": 326.2, "attrs": {} },
    {
      "type": "wokwi-led",
      "id": "led1",
      "top": 92.4,
      "left": 695,
      "attrs": { "color": "red", "flip": "" }
    },
    {
      "type": "wokwi-resistor",
      "id": "r1",
      "top": 119.45,
      "left": 651.4,
      "rotate": 180,
      "attrs": { "value": "220" }
    },
    {
      "type": "wokwi-resistor",
      "id": "r2",
      "top": 81.6,
      "left": 777.05,
      "rotate": 90,
      "attrs": { "value": "220" }
    },
    {
      "type": "wokwi-led",
      "id": "led2",
      "top": 92.4,
      "left": 791,
      "attrs": { "color": "cyan", "flip": "" }
    },
    {
      "type": "wokwi-resistor",
      "id": "r3",
      "top": 206.4,
      "left": 642.65,
      "rotate": 90,
      "attrs": { "value": "220" }
    },
    {
      "type": "wokwi-resistor",
      "id": "r4",
      "top": 206.4,
      "left": 709.85,
      "rotate": 90,
      "attrs": { "value": "220" }
    },
    {
      "type": "wokwi-resistor",
      "id": "r5",
      "top": 206.4,
      "left": 825.05,
      "rotate": 90,
      "attrs": { "value": "220" }
    },
    {
      "type": "wokwi-resistor",
      "id": "r6",
      "top": 206.4,
      "left": 748.25,
      "rotate": 90,
      "attrs": { "value": "220" }
    },
    {
      "type": "wokwi-led",
      "id": "led3",
      "top": 121.2,
      "left": 656.6,
      "attrs": { "color": "white" }
    },
    {
      "type": "wokwi-led",
      "id": "led4",
      "top": 121.2,
      "left": 723.8,
      "attrs": { "color": "white" }
    },
    {
      "type": "wokwi-led",
      "id": "led5",
      "top": 121.2,
      "left": 839,
      "attrs": { "color": "white" }
    },
    {
      "type": "wokwi-led",
      "id": "led6",
      "top": 121.2,
      "left": 762.2,
      "attrs": { "color": "white" }
    }
  ],
  "connections": [
    [ "dht1:VCC", "uno:5V", "red", [ "v211.2", "h208" ] ],
    [ "dht1:GND", "uno:GND.2", "black", [ "v220.8", "h188.7" ] ],
    [ "ldr1:AO", "uno:A0", "green", [ "v47.3", "h-310.4" ] ],
    [ "ldr1:VCC", "uno:5V", "red", [ "v-28.8", "h-358.4" ] ],
    [ "ldr1:GND", "uno:GND.3", "black", [ "h28.8", "v105.2", "h-368.2" ] ],
    [ "pot1:GND", "uno:GND.2", "black", [ "v163.2", "h-310.5" ] ],
    [ "pot1:VCC", "uno:5V", "red", [ "v182.4", "h-340" ] ],
    [ "pot1:SIG", "uno:A1", "green", [ "v201.6", "h-272.5" ] ],
    [ "dht1:SDA", "uno:2", "violet", [ "v28.8", "h278.5" ] ],
    [ "lcd1:VSS", "uno:GND.1", "black", [ "v19.2", "h19.2" ] ],
    [ "lcd1:VDD", "uno:5V", "red", [ "v201.6", "h57.7" ] ],
    [ "lcd1:V0", "uno:GND.1", "black", [ "v0" ] ],
    [ "lcd1:RS", "uno:7", "green", [ "v19.2", "h57.9" ] ],
    [ "lcd1:RW", "uno:GND.1", "black", [ "v28.8", "h-19.3" ] ],
    [ "lcd1:E", "uno:8", "gray", [ "v9.6", "h28.8" ] ],
    [ "lcd1:D4", "uno:9", "yellow", [ "v19.2", "h-29.6" ] ],
    [ "lcd1:D5", "uno:10", "purple", [ "v57.6", "h-48.6" ] ],
    [ "lcd1:D6", "uno:11", "orange", [ "v0" ] ],
    [ "lcd1:D7", "uno:12", "cyan", [ "v86.4", "h-86.6" ] ],
    [ "lcd1:A", "uno:5V", "red", [ "v0" ] ],
    [ "lcd1:K", "uno:GND.1", "black", [ "v28.8", "h-125.1" ] ],
    [ "pot2:GND", "uno:GND.3", "black", [ "v76.8", "h-176.8" ] ],
    [ "pot2:SIG", "uno:A2", "purple", [ "v172.8", "h-138.8" ] ],
    [ "pot2:VCC", "uno:5V", "red", [ "v163.2", "h-215.8" ] ],
    [ "r1:1", "bb1:7t.d", "", [ "$bb" ] ],
    [ "r1:2", "bb1:1t.d", "", [ "$bb" ] ],
    [ "bb1:1t.c", "bb1:tp.1", "black", [ "v0" ] ],
    [ "led1:A", "uno:3", "violet", [ "h9.6", "v-124.8" ] ],
    [ "bb1:tp.1", "uno:GND.3", "black", [ "h-65.6", "v153.9", "h-416.8" ] ],
    [ "led2:A", "bb1:18t.e", "", [ "$bb" ] ],
    [ "led2:C", "bb1:17t.e", "", [ "$bb" ] ],
    [ "r2:1", "bb1:tp.14", "", [ "$bb" ] ],
    [ "r2:2", "bb1:17t.c", "", [ "$bb" ] ],
    [ "led2:A", "uno:4", "cyan", [ "h19.2", "v-48", "h-618.3" ] ],
    [ "r3:1", "bb1:3b.h", "", [ "$bb" ] ],
    [ "r3:2", "bb1:bn.2", "", [ "$bb" ] ],
    [ "r4:1", "bb1:10b.h", "", [ "$bb" ] ],
    [ "r4:2", "bb1:bn.8", "", [ "$bb" ] ],
    [ "r6:1", "bb1:14b.h", "", [ "$bb" ] ],
    [ "r6:2", "bb1:bn.11", "", [ "$bb" ] ],
    [ "r5:1", "bb1:22b.h", "", [ "$bb" ] ],
    [ "r5:2", "bb1:bn.18", "", [ "$bb" ] ],
    [ "bb1:bn.1", "uno:GND.2", "black", [ "v27.5", "h-363.2" ] ],
    [ "led4:A", "bb1:11b.f", "", [ "$bb" ] ],
    [ "led4:C", "bb1:10b.f", "", [ "$bb" ] ],
    [ "led3:A", "bb1:4b.f", "", [ "$bb" ] ],
    [ "led3:C", "bb1:3b.f", "", [ "$bb" ] ],
    [ "led6:A", "bb1:15b.f", "", [ "$bb" ] ],
    [ "led6:C", "bb1:14b.f", "", [ "$bb" ] ],
    [ "led5:A", "bb1:23b.f", "", [ "$bb" ] ],
    [ "led5:C", "bb1:22b.f", "", [ "$bb" ] ],
    [ "bb1:4b.g", "uno:5", "gray", [ "h-240", "v-144", "h-234.2" ] ],
    [ "bb1:11b.g", "uno:6", "orange", [ "h-278.4", "v-153.6", "h-272.5" ] ],
    [ "bb1:15b.g", "uno:13", "white", [ "h-240", "v-115.2", "h-422.8" ] ],
    [ "bb1:23b.g", "uno:A3", "white", [ "v96", "h-393.6", "v-19.2", "h-234.5" ] ],
    [ "led1:A", "bb1:8t.e", "", [ "$bb" ] ],
    [ "led1:C", "bb1:7t.e", "", [ "$bb" ] ]
  ],
  "dependencies": {}
}